Feature1,Feature2,Feature3,Feature4,Target
-1.220322083156529,0.6876964541140382,0.9139781812569473,0.041756897659487535,0.0
2.453527525169546,-0.15308802573714697,0.34510903587756303,0.39194445031832537,0.0
-0.5518655872185779,1.1307338435341354,1.6675886336786858,1.931499708893247,3.0
1.6138177443829131,1.1896349593824875,-0.42624990712560784,-0.29082155950461175,0.0
1.1140257356059204,-3.4878372489063483,0.6241108776773883,-1.795456385271749,2.0
0.24485063640443783,0.7053825108634408,1.4221351620419174,-0.7842371656829568,1.0
-4.030111269512059,-0.3116315550551434,2.8556186220818347,1.5556407620600692,3.0
-2.4296581244932973,0.5800879099838143,1.7204982743672033,-0.2100561583560634,3.0
0.5214408775953494,2.098954959085056,-1.7556811388691145,1.9372068070490236,0.0
0.06192017090777757,-1.0616742429952402,2.11398164923974,0.010645912686645498,2.0
1.2907690703877532,-1.2216533668426202,-0.31081506360879296,2.2443303524771716,2.0
-0.34988112436137153,-3.034924964724288,1.004955799641416,4.006068466109891,3.0
-0.22430108278915561,-0.43886362772633525,3.2512753185780214,-1.7360404453846052,2.0
1.8973890426777784,-0.5522788715386711,0.4921373285845325,0.9198601097610458,2.0
1.2314871433238264,2.367093460748162,-0.08457802437055628,-0.2218938259158294,2.0
2.7341987697944803,1.5510917122797467,0.2112985428438423,-0.5261448587246929,0.0
1.444156328464107,-0.45612915421402866,3.5599512659366823,-0.43134729904144375,0.0
0.6772699350726266,1.9118970485751894,0.40623310262119183,-0.31974895894285704,3.0
1.1825064675412147,3.037632102488492,-1.4787959952858296,0.4667814738555748,0.0
1.4629583543361102,1.8125856188465042,-0.605948400233628,-0.40039075489144316,0.0
-1.6076113819741629,0.7899723068374095,2.302426110844694,1.1128003916674964,3.0
-0.6839294237314657,-1.2865172972508148,-0.1295379757128019,-1.121965362651081,0.0
1.6047394034131828,1.8555843119008029,-0.43487579431931134,-0.7515027258825513,3.0
-1.578589700042035,1.7341837554062989,1.7220459450659815,-2.095974279179475,1.0
0.601486875117901,1.6898078011061255,1.3542100919883826,2.4300275492810135,2.0
-1.4164678303603218,-1.867503754955452,-0.2548551449062464,-1.4613142121846547,0.0
1.3820231642095515,-1.5582968666197683,3.5327936412350582,-0.17873379013057622,0.0
0.595807297093738,-2.456844575230255,2.167404256236903,2.687006099241442,2.0
-1.903420273674162,0.5871894463559996,0.3574635790377596,-1.0930057920179024,1.0
1.8936771449140444,2.6468401703991002,-0.0966399243095758,-1.1786663970488864,0.0
1.0221625813551123,-1.7787049606525116,0.48296499693229666,2.5831925217313394,3.0
0.28496682774702997,-0.2768743796245874,-0.6861246409731097,-0.6549005639348278,0.0
-0.1675275250707735,0.24854085708190587,1.3811757763700074,-0.4312431300726607,0.0
-2.935115113048779,0.7813059424592093,2.316061228982739,4.06961984486052,2.0
3.0558947436221895,0.9364449998702432,1.8091454360204422,-1.4385393379320561,1.0
-0.22433078378874893,3.4323897156713294,-2.759016935247076,-1.6817228805182727,1.0
2.3844373022943963,0.6058703148654465,2.367994307224933,-1.8047514808062697,1.0
-0.34460397721689406,-1.5550872852846978,2.251240765752982,-1.3847122134151575,0.0
-0.33689192189750283,1.395669742482029,-1.0017909224473136,-0.579817159950301,3.0
-2.7687533617657754,0.27531647415638405,-0.44852228588715026,1.0020707431514952,3.0
1.4306464399358787,1.9213387341480297,0.9972608459653304,1.6372009001717607,3.0
-0.16430301664767066,1.1879613634207484,-2.217683861816193,2.760443498957338,0.0
-3.1523751626358703,-1.4710428873382715,0.693058234468068,-1.06046728998537,0.0
2.632251831358465,-0.36705215974306216,0.12748099879424712,1.2402801667274357,2.0
-0.23667719125747566,1.37457663360261,0.4025207344286541,0.26039423244221893,2.0
-0.913371924811178,0.3543380388830306,-1.7193026552382564,1.3878207852461624,3.0
-1.2190171105849061,0.919842915749511,1.069143029086985,0.19375324603526478,3.0
1.3408335228905528,1.5365640482773242,-2.3170349400477734,3.6489399057810306,0.0
-1.0736777816228555,2.93024436192775,-1.645608048327519,-1.0082256206251912,3.0
-1.0565103969910987,-1.0728362502468674,1.2431593189608006,1.1215120714874982,2.0
-0.1415108104946804,-0.1089657207540291,0.39369420945282385,-0.7748116419536974,1.0
0.11199293330971694,-1.3215139539424623,1.8528390417216132,0.6938376458645783,2.0
-1.7079694944929789,-1.0299969463994554,0.28762460804069767,-0.1954646537042769,1.0
-2.0506708646089553,-2.185183330259396,2.891008635822594,-1.6626260480492934,0.0
-1.733899992035729,0.43388771251043545,-0.18481211936267117,0.8179832170981753,1.0
-0.09542701393669739,-0.20232932431518014,2.4782162783997577,-0.7422938288072012,0.0
3.5957467998801773,-0.15467774189436578,0.4452246703069467,1.0715856330392057,2.0
-0.2117234117428779,1.2748420495444976,0.8942324618496806,-0.2955001630342492,1.0
1.0250318293704375,-0.6022730129345684,-1.3377212552594924,3.025995864332839,3.0
-1.8064884095579246,0.6593663878267912,0.5893484661097208,1.1992266517012886,3.0
-0.41931972049334776,2.573141438424951,-2.363958246095035,-2.3449959744226705,1.0
0.8672517261577114,1.316127487060553,-1.0500933620632522,0.7646382515923782,0.0
-1.231943093400714,4.008581348939227,-3.3385244984072897,-1.2212758150805278,1.0
1.5834578612941859,-0.16454120896562063,2.2573853835853797,1.5086376963705685,2.0
0.1921379042000375,0.7076319463461287,0.8483921010260043,-0.4612261582916086,2.0
2.1930264267477133,0.10211817182655925,3.337382815819881,-2.2163015248330185,1.0
0.9666246016759202,0.9345525682287389,-0.34014195469883646,-0.3054433290584315,0.0
1.3613603610329532,-2.41425135948822,0.26733343412938104,-2.0147779943863844,0.0
1.021845110181412,2.3464041967892295,-1.7122477858468361,1.692206814281815,0.0
-1.9574584532699482,2.189174178759748,0.3642569996408711,-0.097849184966601,2.0
0.017395074037038882,-1.6416445507956694,1.2332236966029635,1.4795823949102358,2.0
-1.7411664305070307,1.7323347514071914,0.13390689363544406,0.4852746523001661,1.0
0.7446625789046925,1.0231156886506503,0.07686591781223673,-0.9548583366389103,1.0
-0.5772544255580823,0.9736144276054836,0.7866634517225124,-0.654145609797999,1.0
0.3078130268525896,1.5247057701539646,1.421826996048436,-0.09292224485304412,1.0
-1.399690528015352,-1.3467652115926803,-0.4314218153643654,-1.1322511660698906,0.0
-2.235644293734641,-1.043636694910568,0.7570349147006719,0.9874594850418368,1.0
1.299675403402642,0.8218527587484089,2.0397093574622875,2.8053165844832537,2.0
2.4994372404023526,0.5767548674914853,0.17023428431410248,-0.4501504822919242,0.0
0.07840356183680952,2.0027075336449682,0.9131296514063196,-0.3307941140824455,2.0
-0.9610815028862183,-1.1073448899309504,2.7991700501543253,-0.7031165043305283,2.0
-1.2047263414094422,2.7783110925043624,1.2347547567587434,-0.742011026425557,1.0
-0.7973742428241304,0.8375134521502874,0.820799726745997,2.81108276634975,3.0
-0.9442131348563074,-0.6658739072254123,0.26546463340389614,-0.2873799690901384,2.0
2.397663563765766,2.709870132420007,-0.03596073087558893,0.9955009322187829,1.0
1.4999286758366,-1.1806405507892164,2.1301804427230087,1.005297062117377,2.0
0.4842946412489779,-0.15126272032793708,-0.5854122897400154,0.0915284882678189,2.0
2.410548267936695,0.43847287039031224,0.6819548805199178,1.2281126219624978,2.0
-1.9753818461629882,-1.1922877792429407,-0.5306069260536368,-0.9382008419030555,0.0
-0.9434711058408312,1.2462037031436934,1.263093640570492,-1.6030278265746585,1.0
-0.030449119678185532,-0.8386160889611866,0.15780427093101568,1.8265002460273574,3.0
0.5808548668158585,3.3951646183097837,-2.254009388589096,1.1862771331675854,0.0
-1.6086442947778938,-1.5214941605883274,3.627686668696635,-1.4139197772789482,0.0
0.7503977151290964,-1.2631904971338639,0.6380330852248354,-0.8728864229954364,0.0
-1.4704302570327594,1.2024933275128107,-4.285202779886821,5.824569547929626,0.0
2.701817443824492,2.2116885508962927,-0.7213513880103233,-1.367661577999499,3.0
-0.301038965983367,0.28338162582209125,-0.018380940089102182,-0.01296442932011077,2.0
-0.2661509431036656,-2.108577807212069,1.4434346546248649,1.0252168374668436,2.0
3.045875740663925,0.5014754803072807,-0.004581696641694499,-0.07163858183892802,2.0
0.8347225487335352,-3.187498193287165,0.46539143814175954,-1.3761890973581963,2.0
-2.203235125317094,-2.764084514808377,-1.2966011829001132,-1.7532722892877162,0.0
-1.2801933104123357,-0.3459907108475875,0.30029885271179213,2.1351766055985664,2.0
-0.18851449648491614,1.7704339821448887,-1.9627323508247085,-1.5046093359661996,3.0
-0.9934940168265471,2.433606713311984,-0.4991451582378289,0.1978440523962568,3.0
-0.13272159946188722,-1.3884785302093468,-2.1196773276184726,-1.1048068898108085,0.0
-0.540090065073773,2.0308684463863367,-1.5017689571063833,-0.8159724923100673,1.0
2.293815667726073,-3.8826227007787817,-2.639972338430642,1.7830120967238279,3.0
-1.1412733206364931,1.6103555522282114,0.06856255383332588,0.5702359612866001,0.0
-1.8244302157857686,-2.197684929890454,3.035865795635091,-1.7485890275790354,0.0
0.9502428180753286,-2.9991144748779037,0.07582250273767133,-2.223457663100234,2.0
0.45982406209185034,0.5870142009860488,-0.9570257440631862,0.8572387310694302,2.0
1.689607467670051,1.458304334563166,0.028451217468621892,0.7178475594388931,2.0
1.611280146115583,0.9969446674407187,1.3972424800596746,-1.1871108406203377,1.0
-1.0383879315176354,1.2773317628292766,0.8695398314668638,-0.41892619315585977,1.0
0.9159130601680604,-0.6796482951659255,1.5274898844398248,-1.4069804248126432,0.0
-0.4274512794833507,1.1480480502510337,1.162051472021545,-1.1408382581339898,1.0
0.5078596065665522,-3.2864297792261565,1.5407263870319847,-0.3203410639772355,2.0
-0.7683896605955228,-1.2836809499419113,-1.3806733069755244,-1.0029861269407405,0.0
-0.9951034593963135,-1.4176625543227932,1.7673240872970712,1.426572660745562,2.0
2.176518956263831,1.1640758539282094,-0.2736101122297876,-1.3416662254243743,1.0
0.15815442772658583,-1.9205424221852816,0.1152798697768802,2.5393684396992757,2.0
-1.7188088239870207,0.894594190931175,-0.46640084697513573,-1.1573106251090595,3.0
-0.18577261317868743,2.533102999541642,-0.9956042887040136,0.12815506654328945,3.0
-1.7540916581926438,-1.3668752076152764,-1.0236909769803462,1.6111761062713585,3.0
-1.649007572462221,0.6935515766667686,0.7440670798662388,-0.6853513036967505,1.0
0.305076877138586,1.7242346862726294,-0.45570636880560456,-0.5053042063766473,3.0
-0.20806465553543785,3.5671108430290666,-2.849787443778617,-2.025113508568285,1.0
0.058825287160284345,1.4962236677896477,0.48537269518172177,-0.07955968595151086,3.0
0.06834861128172298,-2.1091051203291116,0.39936225685924553,2.7588018557335365,2.0
-1.2765762513585055,-1.1129655428916645,2.4203996956721827,-1.1272096662881534,0.0
-1.7706986512598464,0.7188073384199742,1.360206898034285,1.7490881417379194,3.0
-1.0194339278975073,0.9749835899741554,-0.541378850466935,-0.46290673277573857,1.0
-0.1147621798371472,0.06355645291949918,-2.140100672099693,-0.38657743863129457,3.0
0.8826028636625828,0.026881974001235376,0.24267026407748526,1.9044050851655294,2.0
-0.4713847625555567,1.9718331114396173,1.9834972495654533,-1.116342755849636,1.0
0.7660473713271277,-1.1435457278403813,0.3414345622711116,-0.7598633054140924,0.0
-0.33237193340242177,-0.9226349923417322,-0.3372115716617219,-0.881012376516723,0.0
2.307844226895318,-0.5588430476940558,0.6419511776314051,1.0683311916779978,2.0
-0.07960464891184715,0.8901660326589549,-0.9537041573306176,-2.3012443229327544,1.0
1.5357859079666192,1.2636553280858134,-0.059507793915239415,-0.4333484453550791,0.0
0.7824526078465656,-0.9172697207778744,0.8666315338277296,3.272814346915944,2.0
-1.9336933388593365,0.09758998801582863,-0.035618089228782956,0.9830064581119753,1.0
0.863833370366754,1.9774583005462745,-0.8521121632949389,-0.3096664961342801,0.0
-0.5935780414155718,-1.2816123513282378,-0.33075078161016136,-1.1283637185358713,0.0
0.6926621215673816,1.3772348953126667,0.007985048004514494,0.02175252465120947,3.0
-1.2916014165164316,1.6594173669328944,-0.6309611070776512,0.6386382511839847,3.0
3.766871081862961,0.44835906233207645,1.56656380567932,-1.6477934077682916,0.0
-3.071422694678974,1.0600008040176458,1.764293055867908,3.8340189652360808,2.0
1.4043144735819773,0.6275566558690084,0.6136418084124471,-1.4856752075228572,1.0
0.6865549118528209,1.741246222633588,-1.4464886135569357,1.1012226325275254,0.0
1.3047268896870743,-1.959590563952394,0.4578254434622375,2.6452649509136705,3.0
0.1688655909071981,-0.06149599414833551,1.0630855298383821,-1.0475427625207525,1.0
2.6772373284440834,2.2197064443450705,1.3175485739048265,0.14411706358687004,2.0
2.9858218800062257,0.3849222829718494,1.417223190526339,-2.266761421173646,1.0
0.9040243628946125,-1.9870956916749902,0.31898965687656045,2.63591161179282,3.0
-1.2898664174305767,2.6812027971690666,-0.37406707732702593,-0.006034586103691009,3.0
0.9096285282998546,1.7845754101579452,0.7272527221549174,-0.04948341138852608,2.0
-1.3624804403743211,-0.9999437233851485,-0.7690150194359762,2.4339623934045016,3.0
-0.7654761096781328,-1.6448669819179673,1.214134713694991,-0.268994000532349,2.0
1.8906016111419182,-0.10449139932573193,1.188381130072812,1.7679291659261458,2.0
-0.07971990617476754,1.970004529056654,-1.7780914525200042,-2.897182921032064,1.0
-0.05237927119119912,1.40167569535203,-0.25766693505018545,0.8940510955308734,3.0
1.5956712224729417,3.489780838906647,-1.2430011356129067,-2.4871967125710115,3.0
-4.040570824883746,-0.492563673210912,1.8084631040556585,1.8913601945591965,3.0
-1.7849549595836625,0.36766044874541337,0.17041875597493394,-0.681906379113669,1.0
-0.49311494780051546,0.6828471814655881,-1.6445822761640925,-0.4408250027180489,3.0
0.9388771554789532,-1.200571550617396,1.47409206942493,-0.9392882758430479,0.0
-1.4423395657452227,-1.05819623380677,0.6469421219809427,-0.3210663594871863,2.0
-1.8382358897314681,2.093858359110713,-1.91724099691191,0.15445077372065308,1.0
0.7172943912697468,-0.2925802919614868,-0.8845558654486658,-1.9141309443382555,0.0
-0.5111090128046551,1.9982432222300788,0.3548357239838438,0.6046542233337548,1.0
0.9650703315933578,1.184629828406365,2.1401229501981893,-0.41656568445882947,1.0
-2.280851118804513,0.08288731103223934,-0.5816225845394669,-0.11120072013161653,1.0
0.06918273059024282,-2.330027724625558,1.7507084806293685,1.6832399503425937,2.0
1.098974570900092,2.1070713505216525,1.3465279064519844,1.4410116707751275,2.0
-0.5212285112043498,1.077584793677687,2.1404796811513402,-2.1358593025909127,1.0
1.0663064676828145,0.940082287000173,-1.0217687320249655,1.3496011898181912,0.0
-2.037661915966848,-1.5460530457529171,1.3305943677372691,1.1013089761730335,1.0
-1.4074792721756446,1.7629105000543974,-1.332837190380618,0.3885724847550267,1.0
-1.4333651811432033,-0.3960231577687159,0.9755367193519301,1.6611695672126352,2.0
1.0875507548010408,-1.0808809253097398,1.8415896653878023,-0.6483317040601535,0.0
1.9090962052760712,0.9423727233656751,-0.33879777109242026,0.05512681380527973,0.0
2.5546180902370246,-0.8433504265147815,0.33135337388387476,1.7449727091184846,2.0
0.9851701344512205,0.22400887696245686,0.795953561568365,1.3377825417386613,3.0
-0.2583838028613692,1.3897454805638818,0.155723746453587,0.27994411632608873,3.0
1.9200796340930144,0.32177183728723824,0.19004805913103784,-0.7780079168363374,0.0
-1.2649849530231765,0.3355475298669637,-0.5650096571082708,1.5694718571992095,3.0
0.34996438329790736,1.329040609639404,1.0053322872559678,2.4206822018032685,3.0
-1.2625379344582663,1.020271947066134,-0.12126831084641365,0.38827507079679147,1.0
-1.3693062161667497,-0.993811275907901,-0.25175020284510974,-0.8346090798145429,0.0
-1.2680945909055028,1.0128037274955743,0.16516258129414318,-0.5595810417419194,3.0
-1.2388173421353728,-0.6110707611225472,-0.10202451432194315,-0.934514255763121,1.0
-0.5270857489372036,-1.1388905752281757,1.1746013628393244,0.23482430852468306,2.0
-0.655035677324419,-0.8544831544286288,1.7058332597446486,-0.4271406118365011,2.0
-0.23466142674027712,0.43145260855192646,-0.4655180268264165,2.187377806995814,3.0
-1.0894528991488688,-0.9362466118926942,1.7758331101872806,2.650492437701752,2.0
0.9325586959540471,1.2177015488263923,0.06284065417211981,-0.8450141841919145,0.0
0.20697569685538775,1.7716411482362429,-0.5458605335765032,-0.8811263368182685,2.0
1.9679546638194407,-3.7638728495537817,-0.8631860702690282,2.9637668196675957,3.0
0.5335549051586163,0.2150379441217216,0.16309389519844553,-1.221614142062669,0.0
-0.5620869357816709,-0.48809438426635676,0.46293487941352107,-1.121281426070535,1.0
1.7031614549399516,1.8993915339803347,-0.7453234561142037,-0.2886365034905015,1.0
-0.1922994718116945,-0.5657761681297688,0.3087679814338633,-0.7821125330725527,1.0
0.8716476313654136,-1.2505062669966245,0.6084974954971216,-0.5532770515382024,0.0
-0.2797032407647043,1.2725484550314894,0.8161266485277002,1.1127594078494623,3.0
-0.9518662169738906,3.812797167567385,-3.0858770338762933,-1.472901827761426,1.0
-1.2587792369411037,1.1269518207707763,-3.208238727482789,4.422991783157947,0.0
-2.3755978195280574,0.8436593134456108,0.1961626987124646,-0.46184216497477915,1.0
-2.6701170121680455,-1.4559422207876849,-2.0146888839124335,0.4147762737117402,1.0
-0.030859581718530205,-1.3782635831495924,-1.8005692920271898,0.8639886367363472,3.0
-2.4385434816509646,0.6760860302410217,0.8598524108418681,2.64170347756166,2.0
0.08746577087830953,0.5875621319374398,1.9092345158857538,-1.0581232789343915,1.0
-0.6592219913059261,2.896496908802511,-1.7279833180270416,1.5591079662128515,1.0
0.8289753771420474,1.478140767198329,-0.9995146859872406,-0.42854333384331633,1.0
0.6902029693234755,0.7128195277465266,-0.18065512769253345,0.28021157642701733,2.0
0.479710548489931,0.5470619022285993,1.8132804184362565,-1.4337922617038092,1.0
0.8570184075137961,1.1100758774874837,0.2335667048301424,0.04669003686575102,0.0
-1.8928341427939532,2.3938125985051175,-1.3075664756376753,-0.6990710319854807,3.0
-1.442006480262916,0.013771082721308447,-0.6523041054526204,1.852963634789107,3.0
-3.460891429305601,-0.005315012938823305,1.0405309682881407,0.5400831492109702,3.0
-1.537647982394251,1.5964712393000795,-0.5228276053975967,0.524393264129954,3.0
4.420945123193793,1.6550236049138087,0.8893127966853911,-0.997468794644259,1.0
-1.9611713887151376,-0.02959045256520998,2.0787592993732127,3.1042426401996748,2.0
1.1448078485163082,-0.4119927072276297,2.4864474533127146,-1.1057647133806197,0.0
-0.17933645949958854,2.22875220985846,1.956850876161482,1.508798989776245,2.0
0.03657577094880271,1.5806456000660496,-1.6356850620641008,1.188242250245794,0.0
-1.5355178636042373,2.289065893739452,1.4384138563178657,-1.0912814350355484,1.0
3.677852424511104,0.9836704590779368,2.0295529285075187,-1.6446862313179575,1.0
-0.36510790969813545,-1.2212104602490284,-0.3440931441666666,3.184084725637341,3.0
1.1761371102968359,-1.5455141743746557,0.5935590234409547,2.227908624058899,2.0
2.554502483174181,0.019633094076180635,-0.07659878214693361,0.6577082194358321,2.0
1.173155728355632,-2.1530623327224667,-1.516572339615518,1.4559263325063276,3.0
-1.2419181919281965,2.58923382982178,-2.2125480231371757,-0.48425940584764526,1.0
1.21731470462728,-0.8757515779394784,-1.1805690945470297,0.7267417123818746,3.0
0.816692396374614,1.9519388027581333,1.0531187962766004,-0.8264585663804815,2.0
-0.7200455665819423,1.2436392823565212,0.2547464536197558,0.14069699331411667,3.0
-1.3812394140114563,0.9462810439722156,0.6039435776339777,-0.6318881006011023,1.0
-1.6468597245075782,1.6493239544327234,-0.7684769993114294,0.2970016289246481,3.0
-1.339476286607134,0.4695014427724514,-0.5093794537294631,-0.11330348698236714,1.0
1.12006918591956,-0.7576732512915384,2.9983424582333447,-0.6917245571292849,0.0
0.027301802357516003,1.4223006767434339,-1.782404994063127,0.9481772262169393,3.0
-1.1093929589205964,1.3288562828801522,1.0313930117749228,-0.030521734737416706,1.0
0.06624538550237269,-0.8809399868791009,0.9134758631898637,0.4363613185979529,2.0
-0.5737061365630246,1.2433230836367455,-1.288649229625576,-1.9005003428600593,1.0
-0.8016897875126592,-1.1134578286397931,1.7845210427132678,1.8167162928888008,2.0
-1.4102980464000439,0.8522135939746958,-0.9080219908244873,-0.32385213902103616,1.0
3.6312603270287163,1.1477973173255593,0.21427232283260456,-0.34104658327196957,2.0
-0.9130628641482869,1.3765102963210258,-1.5320426706492039,-1.1533894575475363,1.0
1.2482484737538049,0.924218392385544,0.21789314381776603,0.4810766790792459,2.0
-1.2394820349411302,3.3231883163019287,-2.9000020240148636,-0.672792395372323,1.0
1.8928180062607423,2.6379857555756443,0.1758333043599064,-2.6871761821160947,3.0
-0.009575156460158052,1.0811820066578146,-1.5800035579629275,-3.568214519881232,1.0
-0.16550801405443694,0.6577366291043562,-1.592821895306498,1.3434655126939459,0.0
-0.3971896614226996,2.050580796005147,-1.8598070845021546,-1.931353453110204,1.0
1.2644261733762476,0.41345763297920746,1.6719942407797843,1.634543401393239,2.0
1.9810919997646073,-4.718023433547099,1.203305033370208,-0.800272198861097,2.0
2.6321169982897183,-1.8864921700522288,-3.488730814546401,-0.2716688802406855,3.0
-0.1355525436451921,1.5026618440273243,1.3489399108299374,-0.9187272813035158,1.0
0.837721454658665,-0.9664563752216053,0.6309553947931212,-1.3022022345722135,0.0
0.04292619190324598,-1.1639630761052238,-0.8887764732119878,2.8422141656040507,3.0
3.1467010259537673,-1.1114207023396667,1.4511908534740017,1.942880040255927,2.0
1.9039707089180338,-0.1792898150318848,1.4717782323305195,-0.17619764481166356,2.0
-0.6888579644049374,0.483273492313406,1.570574418832799,-1.054903528911611,1.0
-1.4532575953821594,1.3830704940717327,-3.197758264700448,4.166140346484596,0.0
0.890106098508466,0.42671231405694676,2.1549773598404274,-1.3312169729888579,1.0
1.6719521051234936,-1.9133235921940666,-1.1917353213418012,1.4325406664391966,3.0
0.9060022089832964,-2.842538531243542,-2.5397235149983173,-1.0503720728778274,0.0
0.47134502066257133,-0.0855507066107597,1.7275714227520615,1.7137164797883557,2.0
0.41951851718726363,0.9842846072961801,-2.138660130837498,3.01275898266038,0.0
-1.2713678336534744,-3.1872860149094877,1.2933401186965385,-2.243550811230257,0.0
0.07854796928674057,-0.6349107524687405,2.1905492198990024,-0.713110442924243,2.0
-1.033182032468397,1.122027925373253,1.8594015610320782,0.4514291840960254,3.0
0.6290553736599422,0.5845400734290107,-1.403378153043382,2.6159292574188817,0.0
-2.79609277251161,0.9380796547699145,0.8226448654592543,-1.7557510547274235,1.0
-0.28892661340604453,1.5145825086438718,-0.6225137267774982,1.176343487933963,3.0
-0.7632021556395576,1.1339271285304464,-0.7963466439129907,1.0486203582949125,3.0
2.520371762722543,-1.2981300490784962,-2.716416000485575,-0.15493030620083426,3.0
-2.5944914175585487,-0.5671364833341301,0.37765861640894194,1.385335539826015,1.0
-2.1898249536620615,2.0854629532300963,1.4305737272622439,-1.4469432701839495,1.0
-0.9933912623123564,-1.3602610627339906,2.7070780508689807,-1.2944053039660681,0.0
0.11166879206072544,0.6415949963402932,1.858702318967128,1.2570406400794754,2.0
-0.8678292088712716,-0.8467169489026249,-0.034113111514377015,3.0256011181881495,3.0
-0.6561738471423817,-0.8752088176718037,0.13006004684170058,-0.8880942068578259,0.0
-1.9820038841028829,0.037020844860980895,-0.896381006819182,1.0061951827055218,3.0
0.6841658064811171,1.3360141881310845,-1.0742111208876663,0.5241419299757257,0.0
-2.788020071104058,2.3604872000238535,1.3674437390328862,-1.5477985487562607,1.0
-1.4432475736247565,-0.43857688702912145,-1.9505078880069875,-0.4391900369460847,0.0
3.2200198527214283,0.7916780385962672,1.3054540395991556,0.5231902634364871,2.0
1.4752286178076393,2.3382334713554647,0.7603595829406551,-0.06006709686576883,2.0
3.621607041145706,-2.6337609199356424,-1.7987775407831215,1.2741428029049224,3.0
1.128158179364572,-1.902019895896808,-0.060364317182926897,2.291945051707742,3.0
1.9192773349631547,-1.0182704187510994,1.4610912295942875,1.1963739642400084,2.0
-1.0221008335437796,-0.011010480683747437,0.3497515230093403,-0.8687226321875058,1.0
-1.0172680469120525,-0.9817827314346093,2.3045371191657837,-2.965226922254657,1.0
-1.2198170860257762,1.802930868805971,1.6005009959530296,-1.8293363061892667,1.0
1.595288336631727,0.7211277168689854,1.7965567027878284,-1.3249003268403057,1.0
1.2222511133814362,1.7982300272013707,2.7077511289718394,1.4268439580503025,2.0
-1.445314850308148,1.5552895956865285,-1.4704976011828832,-0.024335747362518978,3.0
2.5273439517735623,-0.3640446218893061,0.41383527736399817,-0.5344145426429239,0.0
1.5789087536150532,-0.5683503585355898,0.9276691724023124,-3.4390880208357344,1.0
0.01040434175162741,2.0397423389759948,-1.9853999344222906,1.2451240728163222,0.0
1.4129427671662984,0.7493638389104258,1.6070071687321705,-1.4287453617445598,1.0
1.5873200272802261,1.194832060564494,-1.2659799529903855,1.7799671687662455,0.0
-0.17259566002976712,1.2449950524571265,0.27807571776435736,0.2247647241494095,0.0
-2.1242049782686463,-0.980670452027329,1.0243091516131169,1.700071066082057,1.0
-1.6390588126822878,-1.7514873939938074,0.2667244059458771,-1.2970681380090914,0.0
1.2651404959779806,-0.5403586001021785,0.7626083143642817,0.4413156076287501,2.0
1.43110904479838,-1.0399980138001774,3.529499063130317,-0.14938642026606075,0.0
1.7507926342168825,-0.9984589961135881,0.4605903286021683,1.613941567995901,2.0
-1.166458780169939,2.6555435299641257,-2.006421288238962,-0.252643085408505,1.0
-1.0563999207354686,0.05010624857517754,-1.3307262241144593,1.5856473827066693,3.0
1.0898704623179472,-0.09364330431342804,3.411830364090258,-0.7265528691026228,0.0
0.9180122159318018,1.1046456562486793,2.8633934742422102,-2.2691840073288505,1.0
-0.9914174265100896,-0.6030788226994477,1.2897701837731104,-0.8523338428982612,0.0
-1.7011673128925238,0.4388423676363551,0.880204838721609,2.5169834116139853,3.0
-1.1230485375722583,-1.7021014033180848,3.1068432786804423,2.1353795616186053,2.0
-0.8111709541883744,2.445827876434469,-2.564319009549946,-1.9936707567131773,1.0
0.6012826997443468,0.7523668561377789,-1.0135605949443895,1.4617470795887728,0.0
2.4373794444153187,0.44422097045230313,2.1123175412743977,2.125706291528431,2.0
-2.5244582631477384,1.879775878016479,0.06333095671895683,-0.38160180371050023,2.0
-0.6148290784581499,-1.0136321581393015,-0.4615294519850075,-0.2640676232546926,2.0
-0.566556731419621,-0.7811786007769927,-0.6848306370167152,0.14875642905844022,1.0
0.5016553459633033,-0.3475163023707837,0.6055382927500547,-0.7240114837628104,1.0
0.469780140699706,0.5760709766545613,-1.2357788509426189,1.8752991590083243,3.0
-0.1373290405474521,-1.253635489184549,0.6470902734276363,1.1253429445887113,2.0
-0.1636110812874263,2.0172527767824366,-1.8414312025790869,-2.5263695059317675,1.0
-0.4791855577612081,-1.641585093960051,-0.5382113358048639,1.9573404001931582,3.0
-0.7245366533820077,0.9740471132602687,-0.7188991740379269,-0.4460407263686058,1.0
1.1026941553056626,-0.8512797579884215,0.8096436676742162,-1.529471111976394,0.0
0.6222505011525474,0.3340372858993783,1.3556169408201761,-1.4115183846519948,0.0
1.9372519959959185,1.923860267266574,-0.6664988101421553,-0.9996106175415569,3.0
-0.4510134903093367,1.731753929887802,-1.6065545064743656,-2.1628890422155473,1.0
0.15823711302313415,0.3951537985237179,1.5971086461175945,-0.3382362511179706,0.0
-0.6229227114180143,-1.2734971653334086,-0.00010041749274991574,-0.576358526843358,1.0
-0.5178825697350975,1.5474159413201063,-1.172341507834397,-1.1748668214833806,1.0
-2.040320096592224,0.5322474228673273,2.326554907358781,1.828767246135691,3.0
-2.2444767047260585,-0.7110908967284164,0.36430462550273646,1.008926712109925,1.0
0.31607711434479535,-0.8779595780966196,-0.04624977795325269,2.753142635971117,2.0
-0.012881746116123138,1.6087958444857309,1.0995231219683124,-0.5020564734705721,1.0
-0.23129781436686692,-1.8771171386453473,1.951160044573307,1.3592744256360996,2.0
-0.4793989393303373,-2.524018165151648,2.2904300252739507,1.8738970019727197,2.0
0.8125316319340548,-0.0350285380031381,2.6255948336262263,-0.570330640079849,0.0
1.406697198001369,2.5270146531777957,-1.267261386427258,0.7912812480867749,0.0
-0.8665190449316362,0.7395500345477961,0.6701912099786209,-0.44914155118503996,1.0
0.6111364312281422,-0.9001859387505642,1.736553738945025,0.28733212970705635,2.0
-0.4894529688382657,3.898833744124007,-1.2744433778192825,-0.9143823217789799,3.0
-0.029560290258564992,1.5005273476885974,-0.07531798767308162,-0.1307253207305379,3.0
0.645161904336415,-0.6704051394364385,-1.2582999657780585,-1.7743944269651442,0.0
0.979614681085608,-1.7917328503637062,0.4311797207191955,-0.07462763947220763,0.0
-2.5460815758246307,0.7446104619189414,0.2640243826083549,-0.9522230552345728,1.0
1.4441154723512701,0.0287613688972832,5.0162100782542325,-0.7395758428581737,0.0
2.2289009848230483,0.5675358730156093,0.5867555445135904,-1.1081605474525222,0.0
-0.4402499155179772,1.5332737606429703,-0.8771832844064608,-1.021005748560465,1.0
2.139987317043501,0.4685476769149184,1.441281672432339,-0.050380614607745455,1.0
2.9175000090791183,0.5512116287267941,0.672447458290464,0.7441491374029351,3.0
-2.082612242079613,1.0850300647717404,0.8632329643487249,-1.011797626728322,1.0
-1.0540279070906444,1.1126043109898542,0.9287770374521499,-0.2655844413206039,3.0
-1.504614426798057,0.6906187933926538,-1.3434049795233336,-0.11194065934891118,3.0
0.831299929168904,0.02235520008303693,0.48968709162805457,2.3051678746647335,1.0
2.2493834047106898,2.2912947235654246,-0.18202556703846384,1.39251949335489,3.0
2.216105564985625,1.3030346726491309,0.3012094500657563,-1.1239028200100778,1.0
0.6297190018558598,0.9024414497488047,0.12195011815821277,-1.1427223402421314,1.0
-1.8530514797792002,-0.36660587620587426,1.7172377849434814,2.5400722787162886,2.0
-0.8006552926473662,1.0435755107511475,0.9085360114757278,0.794052010475626,3.0
1.1690322134826494,-0.25870886430323836,1.2007930771358664,-0.26195478345586576,2.0
1.3428213746253035,-0.8843515306805991,0.719932845559439,1.100250452010917,2.0
0.4998865868055955,1.3746271678235817,0.7553387917219776,2.7434457542679667,3.0
-0.8836690616810011,1.2854789582436605,0.07507608233754448,-0.6731182609208346,3.0
-1.5413674514696791,-1.557291952660858,0.6975614781023387,-0.2938850149604184,1.0
0.04741237809777221,1.3566832511217046,1.8729508164960866,0.7660895041080429,3.0
-2.121274828965192,-0.14906184507219677,-0.24568741867827326,1.7655049055664307,3.0
1.0898722452135756,-1.3678290862816687,0.3894174330747274,-1.144937900108899,0.0
-1.7410676185392746,1.01011245332993,0.9841456391388648,-1.3446889283055286,1.0
0.8348787427399578,2.933942944926196,2.296007847652106,0.8129594344142164,2.0
0.8332620888645135,-3.15474104831261,0.4589543326412796,-0.7851538247082852,2.0
0.6588457807512731,0.21812580195061382,2.425216530322536,-1.3228805645339081,0.0
-1.7312458713866443,-0.2105648980962288,1.5383284960928818,-0.47564349748233015,0.0
0.2829631439301452,2.7886022069147396,-2.7584370952323995,-3.237828544300931,1.0
0.08624591793295144,-0.616341455102728,-0.9881215268955506,1.2500319584322166,0.0
1.1965013035426244,-1.2968885789385864,2.311509009876332,-0.4111468175293388,0.0
-2.7704660114742365,0.19448672662796673,1.6566147045917754,0.9300638845758731,3.0
-0.14132946552324688,1.273189393981729,1.1738852508043331,2.103213741116936,3.0
0.9212840504316187,0.27707906038722696,1.7295927994529228,1.472269973164897,2.0
0.9385351989347198,-1.8112421120371198,-0.641506320689258,-0.98997305626027,0.0
0.3917121590597472,-2.3503668498133754,-2.3999074115631287,1.0967322404443496,3.0
0.0799151431125611,1.417686017038078,1.0851997420412498,0.717984540167369,3.0
-2.6377968719706777,-1.4623462215143275,0.9968206489814146,2.185323984516941,1.0
3.358323329505106,1.9903705730325352,-0.9911356147268903,-1.4484162453157694,3.0
-0.4488566425661529,-0.2581295293406184,1.706443886724299,-0.6640304980003923,0.0
-1.6565721600999006,0.36697745662341386,-0.5918404478526511,1.2351088653878308,3.0
1.8650053944283282,-1.3599320684472034,-0.30251244274448363,2.8027395559337203,2.0
-2.392629766347763,-0.06261656332924992,1.988071190085926,3.9985293852772688,3.0
-0.3457809517714111,1.3485813025023465,-1.50411793910733,-2.2437819926356637,1.0
-0.9204424047493445,2.57451219038915,-2.2638398555361268,-1.278621587052519,1.0
0.28203980274525553,1.7957302363281014,-2.1928408791372718,-3.9837391431726106,1.0
0.6904464167314099,1.8396242160716225,0.2080981994190434,0.4336795256347121,3.0
-0.33193146474083846,1.8417448113889616,0.6061258714158215,0.5694436185268659,2.0
-1.867456473191892,1.8472656475602145,-1.047942668568941,-0.11502167016455811,3.0
-1.7949654017649723,-1.3922031084673319,-0.6887492230530443,-1.022818344162613,0.0
-0.24525721003597112,1.1133823086148915,2.019240391961592,0.09686007813562969,0.0
-0.692038877653212,1.1306260268121895,0.4657798419222541,-0.395158847135224,1.0
1.009840490444053,-1.510255481234569,3.9461041331240327,-1.6997804911183962,0.0
0.16218660675112773,-1.4377899583144522,1.167114135630387,1.2274193872064982,2.0
0.03502599838217135,0.6206226099703873,-0.5946183688178097,-1.4502794016532672,0.0
-0.767370970151962,0.20099228941787461,-2.182830376424705,3.0793120880905667,0.0
1.1750551212665183,-1.2271202836860668,-3.6894616610034077,-0.6894115598188684,3.0
1.308581167580672,-1.2667563451154247,1.4989873669405624,1.3079497919814842,2.0
-1.6033940424101956,0.8011179164352878,-1.3307679518034763,0.7143158270245412,3.0
-0.6456416910268707,0.5106209100721362,-2.824134247515218,3.607186737674199,0.0
0.8787340800679768,-1.9268988814820827,-0.3707321693441781,2.130266973996708,3.0
-1.0689523675550716,-0.06551758005987951,-0.7930168879028496,-2.1386772092255404,1.0
0.5838927343540741,1.3256990807307016,0.9414653637227285,-0.347190983971872,1.0
-0.07002439416000572,1.4944291794451696,0.581879370537401,0.9376111515840654,3.0
0.9654216214757193,1.0795745541308728,1.9895903906657562,1.2967483502489787,2.0
-1.0924982847075664,2.843070442010257,2.228100579379772,-1.783069307542182,1.0
-0.1880865398530185,2.28037798271928,2.031151480903215,-0.9302229612070836,1.0
-2.0498283332038625,2.1755253999112623,-0.5424099490869727,-0.16089835930622765,3.0
-0.8610046838954353,4.33891436208534,-0.7958307442518873,-1.3791083268536983,3.0
-1.6259955005797377,0.6208071216975878,-0.5065916768288479,0.29621944993006677,1.0
-0.67427752196353,1.2192662602842521,0.365413158751391,0.6379303116592525,3.0
1.7764916175536491,-1.5996809948347517,0.09926803389948091,1.3685229898093407,0.0
-1.459962823699045,1.2178772199552401,-0.6445734494227584,0.7971571552210932,1.0
-2.1547101901835415,0.4083001813809264,-0.03295892947293089,-0.8317811852757456,1.0
-2.0192290902699668,-0.7977780253453901,0.41553488430146435,0.4344071878015874,1.0
0.6194847583912808,-2.007073469167893,0.07137305380541403,-2.0708779436445814,2.0
2.3484104241984234,1.5553742174391814,1.071174122611102,1.1487755859799174,2.0
-1.2210813859441207,3.2443295607928437,-1.3370886815771095,-1.0396091800405736,3.0
-1.3191872098916568,2.5989289323282474,1.9625402358829178,-1.7111068916207757,1.0
1.181750344040406,5.196224978225752,-2.4530022823843805,-1.5141154473428657,3.0
0.8067562481777593,0.9522462697040411,1.464182411089641,-0.9073210286626024,1.0
-1.1333672452126944,-0.4845864477212575,1.615928286802597,-0.7184221693628732,0.0
2.2859546414112417,1.8111764420759,-1.0250851841488795,1.5119102816540795,0.0
-2.32452881834578,1.434816847448063,0.09603489181086866,0.8663636971499279,2.0
-3.3264579280895603,-0.10616619001752903,-0.5308636788412491,0.902605090636056,3.0
1.4061093205644388,0.6967260231501875,-0.4861962024626231,0.3066581097971057,0.0
0.6532161865297916,-0.8196861517706019,-1.3227479606241204,-1.3280234627483085,0.0
0.37126521086264885,0.49834172291361156,1.2344124800172875,-1.3328710616536523,1.0
0.663588704008742,-1.3190476856092,1.1319940411013742,1.2899740751880338,2.0
-0.6495248590800293,2.2781344205149745,1.4934902178690384,0.4416644717227286,2.0
0.61894171904795,0.5730531506268828,-0.9302986364070371,1.4731181188400246,0.0
-0.9728284387568801,-0.45244415034165475,0.31870689345940584,0.26292486791263836,1.0
0.450173937105397,1.4597010148863532,1.5954956509876972,2.7148130199187372,3.0
-0.3851665325602489,1.0410354647390272,1.581139621129043,2.8441566350883876,3.0
-1.9215559966904627,-0.4987334536862188,2.0381249348332244,2.7738440581409716,2.0
-0.7036928310037434,-1.3004378828979466,1.0519985355474937,0.8383113878896855,2.0
-2.364456121514062,1.0941551440905035,-1.4366464270317798,-0.335905143610864,3.0
-0.8414903140879282,-0.07166331464905462,-0.15649830583398883,-1.0234228286491578,1.0
-1.2804699587172956,2.9316665671374285,2.0586037668093256,-2.082292219970524,1.0
-0.6627794579907724,-1.828386025150183,1.2106169368264825,-1.5129013925751287,1.0
2.61587763280689,-0.9056483230684246,1.0010496400341935,1.5722706140177092,2.0
-2.30314090936741,0.011529221080453622,-1.7155735181276337,0.6785843257367714,3.0
-0.8472612751446376,1.210695031521429,0.8191435438034216,0.23721066710500027,3.0
1.3346154287220813,-1.1677674028631202,2.4918363614758166,-1.0277277755090106,0.0
-0.738288496991133,0.27969020242163367,1.0605893392592045,-0.2866808251530726,0.0
1.5385086535724255,0.43409695335117693,1.2403721851831613,-1.8022937095075817,1.0
-1.3825559805059089,2.0150090881511105,-0.3559017476819655,-0.1749589185395104,2.0
-2.2688130210524062,-3.3386967985297713,3.2614829885842047,-2.3867874955327233,0.0
2.0795810711330116,-0.6594542729182286,0.5012777765678733,1.2457270512762455,2.0
-2.029824587626432,3.089299539516128,-0.7535398160043539,-0.7963550005407389,3.0
-1.5161480890701144,-0.4467027577992222,0.5395850101520887,0.43268759769508214,2.0
-2.0372754164043827,0.9709695382146514,-0.7762641479003479,0.44354285836545193,1.0
0.06506597365516675,1.6285329696379436,-2.036683333152501,1.7354874539556058,0.0
-1.9963264887556602,-0.7545145990011881,-1.4462354166879234,1.5087007844430564,3.0
0.8814043256819291,-0.3118712537885152,2.359744887660075,-1.340698627604416,0.0
-2.2653378649793074,0.014600696675123204,2.208864771120145,4.572685523838982,3.0
-3.011442972567859,-1.7157947061562848,-1.2522429080624065,-1.0753137643765924,0.0
0.9407721316691795,-0.6390089928821521,-0.5370185840773078,-1.6410332948662663,0.0
0.7132771891678995,1.04114669783975,-1.533876871531184,-1.2709983129933746,1.0
1.0290008547425327,1.2044596281019495,1.836187525394668,-0.44639699492508544,1.0
-1.793087280464197,2.1154859245794952,-0.508757781114088,0.04690710395945363,3.0
-3.0445498559773427,1.7353242683821213,0.6704509721852367,3.467948520021584,2.0
0.8901753562098025,-3.1623270323495714,0.4915490641233703,-0.6069854761207383,2.0
-2.3426529100329785,0.31014110220503366,1.6042018272279883,1.5435388140400712,3.0
-2.609479721974822,-2.656692594034947,0.11937612639602235,-1.7168661225943371,0.0
-0.7079395908217889,2.652370544107201,-1.203340987705178,-0.23883182314180829,3.0
-1.8828520071658106,0.30238034901898314,0.31716215362047817,-0.43356583069459687,1.0
3.1813063230390535,-0.752868882299841,-2.696982374631909,-0.6374792873207751,3.0
-1.055778456092616,-0.2696046088575106,-0.11567856461641912,-0.8540483215835123,1.0
0.33483444380542793,-2.9580335321541043,-3.9799633913107413,0.4625548592913097,3.0
-1.8021454206127792,-0.6179260562745825,2.4472256146210225,2.7530740233387236,2.0
-1.0812037608499379,-0.3638909454647212,0.054267395331373036,-0.587106160067991,2.0
-0.6544946153257207,-1.325638085530828,0.5760982665437,0.11551395302956813,2.0
0.5678553732173675,0.7827679213640244,-0.6751354111867289,0.39372030291369575,0.0
0.9124548227101779,-1.1762532910229897,-0.15109541960692052,1.8945870003225924,2.0
3.035074512576373,0.5213324379268471,1.8315745861326425,-2.0610317335282478,1.0
-1.7630486572963,0.7850150290398211,0.5891050873759273,-0.6480109520269375,3.0
1.1968433943545,1.864797883303368,1.1992484395363119,0.7039960808243554,2.0
-0.7525634702651486,-1.2471020672952098,0.5681500037529494,0.7840381675826988,2.0
-0.19135710614742663,-1.593839194151292,-0.1737274096512451,-2.1534785334864184,2.0
0.6865869245688783,0.001834669781473064,-1.6708909906183695,-0.14738890420504447,3.0
-1.5452818228024197,1.8786739513299793,1.2037206076988016,-1.6568905523417774,1.0
-0.028505016192865718,1.51545505345065,-1.110812649838474,1.1667147443683572,3.0
1.3391803725701124,1.952009753936608,0.8183786171854269,1.2997736258254395,3.0
0.39309958901908737,-1.716325082756113,-2.1794979310221403,0.79246457375159,3.0
-1.6031847176010365,-1.0271636147970555,2.4106141474691594,3.4669647642706773,2.0
2.478468389874952,-1.4238575412375452,-2.5121431034297115,0.060970707643012156,3.0
-1.5491261497054922,-1.7972643768293497,-0.8577940236500637,2.9265265116800205,3.0
-1.220343358768709,0.8814012322165699,2.0650260739119024,1.1273076165969462,3.0
-0.7543336601839956,-1.4147405356357239,1.9328653180935012,2.0713371481146767,2.0
3.1802657113786825,1.1786080912099557,0.937542341566546,-1.9185579254410614,0.0
-0.04286264686893937,1.4094052469987375,0.44584353794971565,1.0609647407081957,3.0
0.2217839388121321,2.171852630446192,0.03395747873624111,0.658645988933722,1.0
-1.3512250823418044,-1.888492382451007,1.6005803973161479,1.1634539678465918,2.0
0.5351725977421269,2.0522988426749613,2.336720830539122,-2.097684415146823,1.0
-2.2555643219514234,0.45877955615504584,1.5465834903432132,3.897679405049052,2.0
3.6593382462753707,-2.305310064052653,1.7980346344309095,3.520498242295854,2.0
1.3375088521606138,-3.071780107735924,-0.29413820679846503,-0.15570415165795082,0.0
0.6242777474178242,-0.7313296609400333,2.051269964567478,0.09716713992769876,0.0
-1.062019357346047,-1.75265318100447,2.539551472636319,-1.5751028990936162,0.0
-1.9294020341067597,-0.6235393135621499,-1.149864387354881,0.6753365216601617,1.0
-2.885875355268248,1.2293007802112643,1.2671666540775184,2.6793459656200964,2.0
0.10335257640160234,2.7672075614175506,-2.641740522499039,-3.464253860985269,1.0
0.6941211575177675,-0.48093075323563494,1.6558134221802603,-0.41860920508732047,0.0
0.567275765882084,1.4632760099528173,1.4983591357273225,1.9989963169310316,3.0
-3.4919291739920317,0.016061847076751068,2.1380351063720475,0.9358066424634526,3.0
-1.83881241905522,-0.04125209365538263,-0.8271244941902928,1.5065579205589366,3.0
1.3452299236035696,-1.975796681154264,0.4604745655942448,-1.2942561663976466,0.0
-1.0033244757989193,1.0888956048424099,1.0620855136357936,-1.350706676202074,1.0
-1.5247426942246896,0.2190513249087358,1.3701025995249392,-0.27650485746922016,0.0
-0.8141966449172748,0.11733066133115311,0.3417052399542886,-0.37953448375342536,1.0
1.2591590809320814,-0.2849448277426456,1.3726995528728823,-0.33550566538226234,2.0
-1.6001278574341065,-1.5267898981649344,1.0623339935645773,-1.2185192492880708,0.0
0.9275032879587768,-0.036608890090331414,1.6628581562680567,-1.6190758806099805,0.0
-1.3400444592640472,-1.2237364539398592,-0.8662845319254883,2.727839301281635,3.0
-1.2865218742956512,-0.8374792727745368,-0.8574613196694101,2.3783559981960813,3.0
0.4120435472558903,-1.4689790162813317,1.230779517779886,1.3552924470925127,2.0
-0.719157569891699,2.172260808261929,1.5400549527336098,0.2762950933388221,2.0
0.4549605701647047,2.868187944301724,-0.010556108532468578,-0.3812677237114581,2.0
-1.261636430836,2.348123235603679,-2.080281734983995,-0.43720846354909637,1.0
1.8616269863880288,-0.533221395915031,-1.1777194880691007,0.4299296747455905,3.0
0.5721119557528047,-3.6671457060586508,1.8660289542139457,0.665836829529302,2.0
-1.9249551714167712,1.4802687675423858,-0.9984006727237704,0.1360234687677392,3.0
-0.997306591359858,-0.6445137926089703,-1.930714550238434,1.7009266774317002,3.0
1.0302891933784082,-0.9611788742090109,0.8319627502549594,-1.4944866406703297,0.0
0.40649650133713777,-2.668022360711413,1.277909485912537,3.8339079084846897,3.0
2.5439452668786977,0.924416647231268,2.239788013734204,-1.3962391524715951,1.0
1.3192695352393118,1.7271116462305343,-0.23895870468307145,-1.0312598292649913,0.0
2.632546091881302,-0.31929323942359433,1.9044005261919765,2.8670697170243793,2.0
-1.7179427087991308,-1.0390197656051503,0.35874269341650966,-0.877301293547207,0.0
1.1047813053808682,-0.8692270219790876,1.2483701226187611,0.7122405855075938,2.0
-1.101125690154151,0.11211677319117419,-0.3782736204852022,1.8088967927540844,3.0
-0.02556742103838716,1.1159053454238133,-0.40842777948199993,-2.098772308776694,0.0
2.351463024949001,0.3566885615373534,-0.8112108826339414,-0.031538558093718194,3.0
0.33921587075631743,-0.31329437876095945,0.5180162039027447,1.3469880399573426,2.0
2.476253535684126,0.5694589858537751,1.6890083614352829,-1.8563630077621003,1.0
1.0223757001262033,0.4262947388861251,2.0408877542879247,1.1323362032800999,2.0
0.13164236002824092,-0.7103080360796119,-1.7505633329650419,3.0094486708554555,0.0
0.031645702956495825,1.3793249486744275,-0.6052671245515613,-0.3308672847656575,3.0
1.1413115964877218,1.864966669168206,0.6765218877878418,0.33469556304653325,2.0
0.6782006599554185,2.740289302050659,-1.5010019869762399,0.27388119857892146,0.0
0.817230057614436,1.403166354029933,-1.17990280969165,0.31212900410289013,0.0
0.525020783975584,0.06482702181846234,0.8848726113204178,-1.0004397480178557,2.0
-1.3473870675932411,0.7285465856530258,0.5643411162296263,-0.640116959208187,1.0
-1.618503859159615,-2.004571521214222,2.843680401650527,-1.6312411403803326,0.0
0.25768223002604196,2.9275803984757687,0.5559755290284973,-0.2552880213336952,2.0
1.1210930961636565,1.3945345423010171,-0.4159642216075643,-0.5001071402788788,0.0
-0.672597303130875,-0.9094870138239581,1.399061387777023,-0.25322235108534286,2.0
-0.09285146133474975,2.1785406806018845,2.6174415127468356,-2.4659519340897624,1.0
-0.9301965250819272,-0.9371075210023243,0.11125807211178762,-0.5996261840680732,2.0
-0.4685674556194226,-3.865781006336144,-0.11802268179309783,3.869860132837395,3.0
-0.9289086034151861,-0.3429263273678451,-0.07150174362922268,-0.2903247277493164,2.0
1.0032564208804273,1.9905486556634777,1.034260373604838,0.09934676346917615,3.0
0.04227628898253877,1.0498820223921337,-0.6626419315922425,1.5970243240862445,3.0
-0.03163681611688873,3.5410622292672382,-2.9297732804765824,-2.666610889583069,1.0
1.005106088051563,0.31354075210509746,3.3871612899940198,-0.6372108583667302,0.0
-0.1941309989193568,1.4051975707927973,0.43512085552554314,0.5059157092669406,3.0
1.5218612852964184,2.259258170088721,-0.9229095409775543,0.9483545062442709,3.0
0.10592076351147628,-2.419064597978635,1.0466891601679282,-0.2952744122930979,2.0
0.8659737257143861,-1.207843617779169,-0.05736484675971054,-1.1563431943856919,0.0
-0.8514050709702017,1.4307413761754195,-0.7249442274393889,-0.3107563687259707,3.0
0.6475936502221106,-0.2992654844920679,0.49322665556799883,-1.1817335656359909,0.0
-0.6897606564193395,-0.458538707104884,1.749342619893044,-0.7512326124909453,0.0
-0.8518835351474718,1.3224874648466105,0.32468119299016973,-0.0820273632741424,2.0
-0.34397603051226633,1.375395997750998,-0.5784125303946472,0.5068386261148519,3.0
0.41682421876939246,3.3531963434135648,-1.495945670004387,-0.0030504491247749232,3.0
-0.23819503204309023,0.40684488973936794,-0.8112685833503249,2.1634661313600674,3.0
0.12990150506055242,0.18371492338283768,0.8286046196166196,1.839951662290082,2.0
0.6073838873682301,0.6204057586685525,0.5844630716399768,0.4680251314824573,2.0
-2.3460514031019706,1.5515498153396456,-1.1947605913961417,0.7746092526201418,3.0
-1.4476233395504097,1.0054707505396026,1.0105091311117336,0.07652137920344004,3.0
2.490530283923492,-1.0885080680636663,0.16941410990907746,0.9115840782182548,2.0
1.1767201506131608,-0.917654494339465,2.283366696986726,-0.84726821695847,0.0
-0.699917704055682,1.988007374220784,-0.9430303736638836,0.4768378202332917,3.0
2.540203643370301,0.5474277977011565,0.9360009057480416,-2.0636609262709813,1.0
-0.05280843835345317,0.7593893937133505,0.12226396993924771,-0.012276328108091872,0.0
0.9660408357754,-0.9862760004828136,2.217591064718447,-0.6142898568265901,0.0
-0.3221505686615259,1.3848609460436574,1.9563909438367237,0.7885529745244723,3.0
-1.8819627761519175,0.13531713435888948,0.5811333305981466,-1.3361257279491876,1.0
0.6412210935869374,4.414936566700845,-1.8358419792543819,-0.11603488133132345,0.0
-2.1719435870378856,-0.560430288592451,-0.7198424374928378,1.685971555327304,3.0
0.7553956819340597,-1.6559223147742261,-1.4854114204012907,-0.7432996612095022,0.0
-0.6338497667875349,-0.8917272355566422,0.9985632016419448,0.04070889780468101,2.0
-1.9353709744028667,-1.9339565864946466,1.8144076972950274,0.7178922621140589,2.0
0.3950930876138441,-1.0530372872160638,2.1389532470972843,-1.2506827199001525,0.0
-0.9600526972122445,0.8394674741543251,-0.8549985231051438,-1.1614238212720343,1.0
1.0943286805309773,-1.3233759174622228,-3.0528405341869536,-0.18532805815668985,3.0
-2.5338011973636894,0.46487204069276533,0.10023280080870611,-0.5590913621239637,3.0
-2.1798722295049693,-0.8413387879165679,0.5434542188052175,-0.7568860218634108,0.0
0.918351728742899,1.7849235989733772,0.2964643747347038,1.9440113452373335,3.0
-0.873532516194552,1.9322945488447936,-2.8600766506868784,0.15820169371786919,1.0
-0.7472662565215338,-0.676259795789222,0.5411542331998562,-1.3143852094292685,1.0
-1.2810402470479347,-2.674881875845256,1.9177043608007354,-2.010032680314713,0.0
-0.3507024348360288,-2.1697605066789882,1.2803034311255885,0.41776409296369554,2.0
1.1778316419025416,-1.6285334229774684,0.237297862556495,-0.570032691752506,0.0
-0.09415495562704734,1.9534172576523514,-2.5546080628177084,2.994542563151446,0.0
-0.6603723449667342,1.3341133797443783,0.34254929681807134,0.680749585471767,3.0
0.28170432305573,2.7293727702359076,-2.145318146120778,1.6617909197766472,0.0
-0.016251930911455492,2.1290544928078234,-1.8523886335889723,-2.590123701473991,1.0
2.032266014390337,0.01300776047512997,1.5199131203711964,-0.5887721807168338,3.0
-3.5988422889208755,0.05080717477697094,-1.6988364226849728,0.09494362289968361,1.0
-0.6215651262450572,0.38382635036249035,-1.416894194036479,1.477920150608532,3.0
-0.9424931935162292,-1.6425288641133662,0.1764030040362955,-1.336017556648061,0.0
-0.6349146478781558,2.066687445330722,-1.86425126543946,-1.8920088520300244,1.0
0.8293939618257635,-3.4040556858478563,1.8032128982146172,0.8699904281073375,2.0
-1.041675170199932,-0.610897415729112,0.7562219142419186,-0.7587063204036045,0.0
0.23435031282543295,-2.6812533178508744,1.531727519079683,3.1514306563709784,2.0
0.12120002015666143,-1.8680062831993824,-0.39954319972165986,-1.5569757624918508,0.0
-0.9809825728888808,-1.5896705471910413,1.5096553086342546,-0.38957387071702154,2.0
1.5215640021917922,-0.9825587052560728,0.10957495745079326,1.7260519778907302,2.0
-0.7480021877911762,0.2653372923953179,0.17377092787314385,-0.11681560621420772,1.0
-3.1352169824639304,-0.41523090696336973,1.931928421581996,-0.5511122752793836,0.0
1.7739951187719685,-1.0564524570031075,1.1263415413514242,1.246683910895637,2.0
0.9574270215685361,-0.2819717287009018,0.895768174007435,-0.18141434946018786,2.0
0.8704421777908715,1.2743732094739406,-1.5034003686092983,1.4534852959214688,0.0
-1.1306850709017482,-0.006673384154529005,0.4863247610548186,-0.3268812839994525,0.0
-2.1578771225309117,0.2903611491514899,1.6747601757497728,3.4656524944078138,2.0
-0.7090368291782326,0.14693571840086173,1.4584363260696247,-0.4054308819991944,0.0
2.6238087083934403,-1.5338018556461597,1.087306437903182,-0.0440783785014911,0.0
1.2939082013101824,-0.2752830184129065,0.03238085030094062,0.05754041082794903,0.0
-0.3892613447160327,2.0974043522572106,1.3765300765960322,0.32708066637086963,2.0
-0.7247904481255181,0.9275385427485137,0.7715391679245156,2.7024442524195633,3.0
-1.5166951867949718,1.550236532433954,-0.700052082663591,0.5098845703973209,3.0
1.0320999278003127,-1.8030361367450682,1.2058591214059402,-0.7762414794689056,0.0
-1.3578342353890158,-1.0740456297267487,1.9299593571328324,-1.0870506909379334,0.0
0.47228497808932923,-2.861306939562829,-1.4159334871706104,2.147560789237489,3.0
-1.1201094660767443,0.5456189180980517,-0.5281237788470596,-0.4400449197374019,1.0
-0.7298068492361462,1.3285463332854253,1.569698279158345,-1.2701380561107616,1.0
2.3805901609364217,1.436124597474469,-2.534552389123982,-1.996192749948015,3.0
1.7094461031188293,2.0711958087891706,-0.08165940445235376,-0.4290980519282763,2.0
-0.6111114115500655,0.41504342754305723,-0.9840087490815286,-0.08057260501727215,0.0
-0.48795772254356873,-0.748065741067911,1.4307470379565794,1.7289518749760644,2.0
0.13705493947420577,0.7643381965691247,-0.022510875073993963,-1.9437299463114455,0.0
-1.0437424224243645,1.3494596184064085,-1.8381032595887783,-1.70327192251508,1.0
-1.4654061087472425,2.5887851848145704,-2.5188814992995763,-1.031350554675179,1.0
-0.33063831535297095,1.0269146610134943,3.7940123850848373,-0.09928559318612573,0.0
-0.762887784020686,1.4095270390134464,1.6579115191293616,2.902685709366958,2.0
-0.6925194606149492,3.4292879726079017,-3.547348324654259,3.7541244248534444,0.0
1.0649619805949133,-0.30998181407155156,-1.1187482452327702,0.4322200622069766,3.0
1.4184601519748798,-1.6210107748262774,2.064454688240996,-1.0620530918367497,0.0
1.2255082921526985,1.553779677691121,-0.11197321257764137,-0.25168641795442026,3.0
-0.35893223061317037,0.6154205886308881,-0.3616968720055702,-0.9797671254272995,1.0
2.3964077857283383,1.3030839507821397,1.6869551985756361,-0.8029973233138181,1.0
1.4578381110254095,-1.3223674410732515,-0.5433649048518248,1.4912396997547988,3.0
0.3568190588750282,1.4852912979771118,-1.7270457540093673,0.6879328249343778,3.0
0.41697704542452807,1.7958663816548286,2.2852331400303543,0.40868178623925777,1.0
-1.0944538322558743,0.8102739648567485,0.8732241894737531,-0.46791254517415715,2.0
1.4700937453633476,-4.1315487546967855,-2.49561061941165,-0.3413876913635224,0.0
-0.9200582577287315,-1.7002136501117957,2.134865732912454,2.657673382895066,2.0
0.16151826357158694,-1.1732039857252765,1.7193088927059013,0.4907576577286985,2.0
1.8456974246632263,0.1519715877711071,2.0319338608593838,2.005235530580994,2.0
1.9712893444152415,-0.4770682907729795,-0.7944671966798482,1.608225754367199,2.0
-1.232976481966066,2.2432419463087157,-2.837377099276959,2.0193982627849376,0.0
1.2095314701051731,0.5870649052507915,0.476437793380328,-1.6324801522765378,1.0
-0.016642391422264535,1.3846400903010854,1.7719256179258533,-1.9290827825975498,1.0
1.0840593419962223,0.11621951166131939,2.955348275735019,-0.5847158430397101,0.0
1.1545577445051507,-0.7640192636579588,-0.3947161748056418,1.351862782309495,2.0
-1.157330862981871,1.2280182022496133,-1.2142020933044155,-1.244959003323017,1.0
0.11181407470828186,1.445246505667773,1.5664425162470004,0.22892544530382697,0.0
-0.28950387550439616,1.5081102309705705,-0.48931247773579734,-0.7795900444089969,0.0
3.5186417951993794,1.496603142497917,-1.5646442284798616,-1.5116960224695761,3.0
-0.3131040191708181,1.5719698450025554,0.8948847256521983,0.14093328578159459,1.0
0.6701675529995963,0.5050583847555141,0.8192417471167137,0.5032082301809502,2.0
-1.844733774853435,-1.0482145991052922,0.764963503164926,0.9462005295009106,1.0
-1.8697462541200554,0.7117549160859244,0.476154512876094,-0.9111487505896828,1.0
2.0693934966381735,1.32933834665974,0.05244693153708213,-1.3119507703799131,0.0
-1.0028923332949302,1.1145136906466493,1.675754084940752,-1.8588528808105518,1.0
1.8100299586207045,-0.1289474146861076,1.9272899777026113,-2.630055573432185,1.0
1.3804411438922086,-1.0829587046741564,3.514082313997257,-0.25916079750104526,0.0
2.2228646419201663,0.40514434178706715,1.0755245250438126,1.256667493707031,2.0
0.4065890689295608,0.5500913187832639,0.12382198780779174,-2.2824061187266746,0.0
-0.4392680147326409,1.4923876601189932,0.02707820957878304,-0.06538920697043071,1.0
2.5782580732578118,0.4760362346333492,-0.5442424277349718,-2.410175397761943,1.0
-1.321493015492008,1.8129665257083223,-1.6092874134672672,-0.5428741831215023,1.0
-2.991240732507777,1.5386307693011272,0.49404985102503585,-1.0184692581593853,1.0
0.9858632403308271,-1.224324841232061,0.4126984927521845,-1.079033922673839,0.0
0.514229761419848,-0.7745342353091083,-0.8921828090841752,-0.7811956364837311,0.0
-0.9904050708174743,-0.20282014611944743,-1.2981912996147995,1.8222300006528145,3.0
0.36578964464647457,2.1153512341973864,-1.2189511303079037,0.932615044165764,3.0
0.12372285268110061,2.8319343896331475,-0.31065007525019395,1.4898549121535551,1.0
-1.7841376279154564,0.15845269984891552,3.3207046902082498,-0.47865453379184353,0.0
0.5511819869300798,-2.038164903374737,4.309492826981408,-1.9453403287476119,0.0
0.9258150215373842,2.0286949458308285,-0.37572650855094647,-1.2801144661435844,2.0
-0.2586564701193098,1.3852965984064554,-0.38382169815839684,0.015563200201207161,3.0
0.36327252680656696,-1.2599876111361719,1.4426718559032867,0.887675704495756,2.0
2.0660958526241036,2.5615832302009878,-0.19874122404503614,0.7770394831250576,1.0
-0.0937237639661348,-0.8093781871607916,2.534659739832202,-1.0523732492352698,0.0
0.6306230116258458,1.6431523860619242,0.9376881161929396,1.7249074738313523,3.0
0.9696518685055898,-0.4293527412020639,2.123299548974132,-1.0556962537765502,0.0
0.33924312680905666,0.21345834377726414,0.5294087582350426,-0.9263773522884032,0.0
-0.11259842099183781,1.1232640666357878,-1.7816876928878707,2.422497307445112,0.0
0.9347486900915032,0.5316424109126251,0.9890395651239946,-1.6313554757854245,1.0
-0.929895021752092,1.661128216454721,-1.6975550590724209,0.1865818211121245,3.0
-1.1345783456915117,0.6378491849962067,0.3570804798801914,-0.5182523709953342,1.0
-2.60028811541834,2.4715240476281433,0.9987940555883615,-1.3481897130827813,1.0
-0.16504951456055306,1.6694304447315687,-1.0286568237597475,-1.2181159714643912,1.0
1.8331906026765448,-0.2095865441427438,1.7903751801757428,-2.787839184937937,1.0
-0.11916800578316755,1.1871146171417943,-0.3189618530205387,0.27300512388289233,0.0
-0.1698777802709952,1.2533881600972068,0.4167606961539615,-0.1945692339400905,1.0
2.679438384930621,0.7482928399299815,0.2567151660247875,-0.022621525079938865,0.0
-1.0387993601117298,-0.25304141828396687,-0.8585793118872327,-1.9988554755381447,2.0
1.891096445972753,2.3323787417699995,-0.8014934714230854,0.7889738864929557,0.0
1.6596459616308898,-0.8221297283677793,1.1440926657057993,0.9135101024390604,2.0
-2.9630977219851253,1.3024529916090812,1.2772509945608652,1.2744116431012236,2.0
-1.5467758683356096,-0.1799236921179348,0.3319934040825169,0.3876235261725567,2.0
-0.7520052427339025,-1.5105530213291511,1.0417765049616357,1.6145129081669367,2.0
1.8109571729959415,-1.2940564456123897,-2.219286761428391,0.2737991652093711,3.0
-1.1293877026866113,-1.699843029131706,-0.9019710358940664,2.855784492685598,3.0
1.3379787568844193,-2.2275473871896008,0.44388806721998564,-0.6086343399425018,0.0
-0.6066696112861583,1.1612222227650058,0.920450444088459,1.3441284595486542,3.0
-2.5469635389545124,0.5662776056560379,2.2653909639591086,3.79718223974786,2.0
0.20607710692976766,1.0580352909459296,1.0219406787266654,1.368272783074314,2.0
-0.2317643102176823,-2.1592099028990495,0.6443683352683973,-1.7008882884128604,0.0
0.10408335579334138,1.573515904285911,2.275367488655394,-1.683127654011349,1.0
4.436746656716088,1.1750917404935184,1.6762559647566473,-1.6321939100045766,1.0
-1.2425197039426803,-1.6189288410279676,1.794913285503101,-1.3821062998515963,0.0
1.0563069543800687,0.4892437752808081,2.905308841546148,-1.4998843446288619,0.0
0.4404872316705002,4.101809729067179,-3.4461757523164565,-3.1114202208597748,1.0
0.7962167406580736,-0.6973964117532843,1.5391933336196204,-0.2103646759503235,0.0
-1.4120613547952279,-0.06096681072876431,-0.15412393165370086,0.07737511156383803,2.0
-0.1553963090379641,-0.6823809020497644,-0.5184811363839084,3.089114213909514,3.0
0.01606207202842458,-2.063995635657839,0.1890123390153532,-1.6465468284672626,2.0
-1.990434989660589,1.009363835817319,-0.08743842404143432,0.8797172900724484,2.0
3.139684042642866,-0.585079102294074,0.9733312355212073,1.3320835757072804,2.0
-2.454077484603781,-0.00940500868302463,-0.01055967311544781,-0.8383227908115665,1.0
1.2892890638264214,-0.24874038378396546,2.042251538352496,2.056712016176676,2.0
-0.6048350100391154,0.024957545514278534,1.4076777950339234,-0.47307488173912027,0.0
0.40844026959334934,-2.4133548169236176,-1.8955905957483021,1.4805978020963493,3.0
0.038224635752988956,-1.7084589682290465,2.709779809326652,-1.644864267702884,0.0
0.27390264449985613,0.2456209883484588,-1.220319224891156,1.889147974694151,0.0
0.7937623224320645,-0.4051291951641569,0.6426019640923836,0.08180321749058828,2.0
0.7521093584565754,0.9824827700519818,2.067253711290583,-0.8387652651857249,1.0
-1.1546881355517544,-3.0588862530304013,-0.7783744592656605,-2.069198585728418,0.0
-0.5808687340430874,-0.17287342625418445,1.324180233897541,2.610001076430805,2.0
-2.6500683273247736,-3.947650700555017,-1.60602758061912,-2.325276332982483,0.0
1.973678923958959,0.8723992568341886,0.23733712727257616,-0.9260094241056862,0.0
0.2626711141058331,2.43933910184642,2.9097864316504087,-2.0234988793818784,1.0
-0.1340602979895943,1.3281204671308768,0.4768845626769245,1.304490430027094,3.0
0.3457311528435275,-1.407487660128246,0.6341535666262338,1.5394933144002834,2.0
0.7950546669066265,0.949873085338469,-1.1092931780733555,1.2215200693507062,0.0
-2.1287050944099937,-0.22713583313213337,0.006674203264450007,0.4197927075563881,1.0
-0.1478130635581114,-2.974579074201565,1.760921981024858,3.4117741519500115,2.0
-0.26826781269937117,-0.9981372115528149,-0.9039751767805403,3.002056881707511,3.0
1.9354046803204676,-1.1498407733661407,0.49309853947034443,2.01027601811123,3.0
-2.232149028436212,-0.19745822737407637,1.9822731627379702,3.2015053862055334,2.0
3.018406582749426,0.1597645537433302,2.3400116505946507,-2.5025833320932103,1.0
0.2845154905765517,2.930494438823838,-2.2207463228866215,0.13295405460199605,3.0
0.7335216497408058,-2.516758160027286,1.083213711108132,3.3690552740112074,2.0
0.3185429037666532,1.2131539284592863,1.7744021690740124,-1.648053412603403,1.0
-0.1749386338628104,0.9876498967332816,1.1735749439453351,-1.1557893697671229,1.0
-0.9766373772999077,-0.039027761343354284,-0.6081840560845151,0.34587328559852737,1.0
-1.8361265482131723,-1.7095573257707124,0.77683636771595,-0.35206974355243514,1.0
0.48920217563796575,0.8518302625849448,3.1373954810852993,-0.6641644826486449,0.0
0.9739904079492274,2.08589420024469,-0.5262098490546925,-1.050595996081778,3.0
-1.4082120481624767,-0.23807867744010514,-0.15642693973513278,-0.6815071404045545,1.0
1.8054686192521743,-0.9809619848582016,0.8777122843030154,1.4793431121172846,2.0
0.11470550986934458,-1.3290557041391802,-1.018099982261143,1.3513778602334727,3.0
-2.675806739283221,-1.1347109711000223,0.13994512299400164,2.204877807740608,3.0
1.1903502698033812,-0.9678834850527545,2.972233948544657,3.676823723453511,3.0
-0.5851299325573261,-0.40298132433433875,0.7909977188954329,-0.6547921933117664,0.0
1.4880529612946267,1.8508011618955673,-0.24268705667677293,2.321018292870825,3.0
-1.1660253395236164,-0.9562630178442917,-0.9851108879473766,2.3695201731520914,3.0
-1.1414656582199496,0.8528654027940128,-0.5408881867757094,-0.19330444435403804,1.0
2.133198089793182,-0.4761065352901641,-0.2352540221648689,1.3139155849078632,2.0
0.33179551420616915,-1.380130317937605,1.209487475604898,2.772060558734025,2.0
-1.7056320931333153,-1.3407716825454754,0.8069634945615676,-0.01817346460669511,1.0
-0.15535559190449333,-2.8673415602246024,2.993772977485258,2.5518831459548217,2.0
2.268935700935705,1.4832780710532638,0.6894355674650738,0.802498075504797,2.0
2.3874298486629035,-1.2623542326957387,1.6806295056060148,1.78699850496551,2.0
0.8090100358765981,-1.0281676189029447,-0.47647018739718705,-0.8711054691269382,0.0
-2.2224193224408455,-0.9115642103199991,-0.6457250418485432,-0.741193360881551,0.0
-1.726215498771205,0.12405663215533114,0.75258972732301,0.9921898966054193,2.0
0.4332852054297214,-2.648941592205354,0.786650601148825,-0.6562240098508596,2.0
-1.8451821251968785,-0.16257822794739663,1.6408442460001251,1.3978987848596323,2.0
-1.3291774335790092,1.0517508285366808,-1.5148336515310725,0.73011266191588,3.0
1.6926457578586813,-1.0754603863877097,0.08578823283527326,1.9154029051120594,2.0
-1.4729212149298376,-0.3578157455397313,1.9686037075622962,-0.6720184267106848,0.0
0.26995661698742435,-0.3582025811039925,0.2794617700297548,-0.7461032372222771,0.0
-0.48800975685592496,2.7183793460149555,3.228529048119415,-2.035136136749615,1.0
3.240504817050852,-0.5448697155288496,-0.5113285782615844,0.730856094142586,3.0
1.4655364096062349,-2.0247508347238057,0.8118934258172644,-0.9832855018034156,0.0
1.7660405212879482,0.48906017324494855,2.9536317505791576,-1.3530534908671163,1.0
-0.5274681514743973,1.1368362890925987,1.9156304924569758,2.247441642201212,3.0
-1.7986095171825833,1.0163656945217687,-1.341491698097788,-0.599321016138273,1.0
-0.59905806904027,-1.6009655316197953,1.0228808431234664,1.4439892210157372,2.0
1.8315153254677445,-0.7124414757751842,-0.5515331672201187,1.009165753094565,3.0
0.4963844511734773,1.7089811556323289,3.7943393344364598,-1.3101111319329795,0.0
-2.248493621880004,0.325637214461304,1.6452263141439263,3.281931564001793,2.0
-1.63485308168108,0.6038987977087851,-1.2199181094493925,1.000230495988457,3.0
-1.4450555833611958,0.8166422688873003,0.024149879700140597,1.492367987595993,3.0
2.1451636946983945,-1.8965952433180004,-2.444986710677289,0.5099840193908036,3.0
1.0313797191888492,0.6856200592209301,1.5971353106231416,1.5205276021110437,2.0
1.1752060699033078,0.8366792187783554,0.7237763103807561,-1.2098826674157637,1.0
1.373318951867224,-1.7973773327603118,2.280984532201952,-0.12676005126761125,0.0
-2.11979737131401,0.9911962166748898,0.7721023382319703,-1.1063840264230242,1.0
1.7796024986742536,1.0466996418157188,0.8598372333951614,0.863617103341943,2.0
-1.9369819971002655,0.553102588485092,0.01119530199566554,-0.9001812179400935,1.0
-1.0228099662677888,0.024191906603858948,1.4984070055250744,-0.4184038573092287,0.0
-0.9726442292373304,0.9525604349378751,0.6857983089949758,0.6917094965612585,3.0
0.9597372878852816,-0.6132504458139773,0.5292118746031749,-1.305864951105798,0.0
-1.526458043966672,1.911501202734682,-1.853978527495853,-0.4206126187172672,3.0
-1.1651794913731446,-0.8597436751484191,-0.040474626121678625,-0.8617701070693241,0.0
-2.7367953258236097,0.41122315127646614,0.3066162881291481,-0.9741468320550296,1.0
-4.158019766828102,1.891004090028217,-2.463539776263531,1.1500712940600932,2.0
0.6475077081363614,1.2962561085679394,0.1977532645273794,-0.6980214694372242,1.0
-0.0268139173266293,-1.6408773533200132,0.8462874336504763,1.6889781478757517,2.0
-1.6919591943929722,3.1049390031856934,0.8310353934507194,0.11876020749842642,2.0
-0.9103152643575831,1.7763755465502507,-0.9102863922885658,0.2885737258860084,1.0
0.3536431717952119,-1.4530816806295768,-3.5091873355876344,-0.31570749102999063,3.0
1.2891101209073268,-1.2090820616205649,2.781999387153103,-0.2251126704329104,3.0
1.990809997717212,0.22892183424242307,1.7672967441138385,-1.0484651076061358,2.0
-0.6399742517820144,0.9293206683796655,-0.9770755445882323,1.184175933202369,3.0
-3.2754943374103105,0.19101933391986958,0.9174031268455333,-1.342440232825251,3.0
-1.9103930203126371,0.8087769242339921,-1.1480417884455736,0.6285232534412648,3.0
0.03401982701525974,1.382757218672074,0.028276833413513724,0.10341757057207557,3.0
-0.890717499496543,0.06258527629080801,-2.3387990399094623,1.1448453257479516,3.0
-0.7375724490842845,0.8763466150285093,-0.21255031629456655,1.487315367376166,3.0
-0.6257293907016097,1.8466737903466468,-1.4416969782393458,-1.3314826407661795,1.0
1.2650460131594206,1.3542950155657878,-1.463866635942173,2.365563948100619,0.0
-1.2440662310028394,1.7184548623911593,-1.051260256067169,0.47760051515879187,3.0
1.0536451309069628,-1.8641133155447909,0.843554075638406,-0.579090119733549,0.0
-0.6713787507722386,1.3290888559793461,0.806786591077954,-1.263297088731092,3.0
-0.5194774753174113,-1.1682446856387085,0.015365913185585445,0.9945567262361681,2.0
0.806422814053039,-2.036141981928055,-1.726887987292875,-0.5391878287795263,0.0
-0.3658933424329245,-1.1021253521721293,-0.7542651293146911,0.8606621684540314,0.0
-2.56967372798667,0.20538556891569604,0.3315984243543242,1.351090665088867,3.0
1.4779899512453367,-2.328707260957949,1.444914341669146,-0.6488466979550273,0.0
-0.11531566714401698,2.0865920234249953,-0.7836966132913598,-0.871377116634116,0.0
-0.3199770837510574,-2.4054490882844455,1.9404712336317655,2.2679755595373763,2.0
-1.878137858456062,0.016923639360055365,1.0911217283172583,2.5382271258860376,2.0
0.16541096644223385,1.3750086742751528,1.7326523096870057,2.6163290239514243,3.0
2.6586107459787556,-0.5746655224248005,-3.2319065767655264,-1.0388434303043832,3.0
0.152607122268704,1.8234397664265638,0.0852320645111424,0.16642969558811038,1.0
-0.02106832644378298,1.4929066393658272,1.3341508172593883,-0.08540831731213105,1.0
-1.520631424132818,0.6943898144466935,0.4098378793905525,-0.9041036892564823,1.0
1.946543098084232,0.7525076252185771,1.0905680909775035,1.2048986899720149,2.0
1.7646749179890775,2.503168169618723,-1.0505254748672075,0.17594284988590747,0.0
0.4859960716936853,2.13252222582763,1.9305949277085637,-1.243675826122558,1.0
-1.118646977798935,-0.24401567409989866,-1.4749508159985623,1.692420495939717,3.0
-0.05160371190970647,-0.753044237744996,3.174396568397958,-1.095101128369524,0.0
-1.4162919713826914,0.7929674356294598,0.208674619364561,1.8240432876340136,0.0
-0.862568292560309,0.6739408840600767,0.1658224732043886,-0.012515293572478048,0.0
2.3388970154646054,1.2332804840359062,0.5619761082380492,0.7794276512906231,2.0
-0.8398922436591234,-1.8419583370213681,1.1855178168938145,-1.4828427555991366,0.0
0.020821153334114495,1.6219985910728225,-1.7731076612619612,-2.6440442277718788,1.0
1.0530209887597657,-2.359864636870074,0.20619487014745197,-0.1385624648145668,0.0
0.750990558830821,0.40304711976246865,0.3533652589664894,0.4752720291172715,2.0
3.077277262266705,0.8954086947525999,1.3416881498666426,-1.6541036002832321,1.0
-0.6893229937585693,1.1958307328081,-0.3774047649520855,0.7430103760209666,3.0
0.31525161556680725,0.7527516029524871,-1.3941511953831613,1.8274762813391707,0.0
1.658304381245503,1.9277024879750169,-1.0692372315587424,1.5904766476296648,0.0
0.903446094151819,0.6419539933314728,-1.37251993044388,1.9230669425514053,0.0
1.5656592817039963,-1.7790066360364558,0.575167696953065,-0.02901804084364823,0.0
0.04930877421724611,1.23825423743153,0.8201830459339299,-0.44034726060901797,1.0
-0.3670388133602869,2.1365282729268475,1.2062030296367963,1.576529117080009,2.0
1.123440182245722,-2.0218479422185576,0.3312815890397979,3.1680710548723208,2.0
-0.2874804775078089,1.1372818950258643,0.9673478850574145,2.870358491186275,3.0
1.561919725599783,-1.058340421238438,2.825120951097503,0.3961542528243116,2.0
2.361873598210331,-4.639075751638364,0.4465121546326778,-4.142822506671693,2.0
1.2486884370895222,-3.4984934882631484,-1.2496439903405467,-0.12957734660309006,0.0
1.7525735441389796,-1.1569811939998853,-1.1555813212124362,0.9041660477373819,3.0
0.45435461853822523,-1.748184226757071,-0.9181894712123618,1.6572371363404357,3.0
1.3824185912423013,-0.19859217690424935,1.169817068996982,-0.26460841187323214,2.0
-0.295149794120003,0.6597726052424735,1.197944127326952,-0.13026162921179263,0.0
-0.6238844998946187,1.1923002815160422,2.7052865390368037,1.2366826231186356,3.0
0.1028721119058873,2.2723090815102798,-0.3801259963295893,0.6575984343271413,1.0
0.025862913031713952,0.5451454314740105,2.8657174782806365,-1.1540793807077305,1.0
0.6387419277758781,-1.301566098140973,-1.8726206743657898,-1.97305695131509,0.0
-0.651035203001639,-1.0470538733353691,1.097002258057351,-1.1141866756390204,0.0
-2.2023025402743794,0.49608760038161204,3.1568935752819924,0.9090186031153349,3.0
1.350031334695767,3.1113635243834,-0.3463256264313288,-0.9784898673217406,2.0
0.8308863269006103,0.5159109679516732,1.940533716047457,-1.4995252240895234,1.0
-0.570186967898841,0.8165947040842132,-0.7814144024987295,1.5016300537249663,3.0
-2.8458268045157293,-2.087198589848881,2.3741933274032334,0.28799756986878255,2.0
0.8495660512930415,0.3468521689867903,1.5026227643794094,-2.4226831383335456,0.0
-0.2877365524542458,-1.6143590042805904,-0.041623219180412674,-1.882641581531347,2.0
-1.5443701597775314,-0.10149979262889419,0.4413003699092446,0.023345294226648772,2.0
0.39341556205452644,1.4683056981540201,-0.5115160551917588,-0.38833026956988415,1.0
3.6121061975970763,0.8817761611033555,-1.6372879631414694,-2.320466574950733,1.0
-3.0915692939335253,1.3543527496184895,1.0577264617042637,3.734460187200031,2.0
-1.1648583991803212,2.2800574597910668,-1.8581762547822618,-0.3848861706067137,3.0
-0.8299775954229827,-1.270387458435764,1.8461687417576744,1.086943526037001,2.0
-0.6100575714828211,0.6404019309165552,-0.9591068890897605,-1.8595796674187661,1.0
-0.5602969744594901,-1.5021591298924053,1.147027638541974,1.1509496054155592,2.0
0.5065309446164601,-0.8949445032749317,0.6346057149663158,-1.0577650324648067,1.0
2.117395978374728,1.851594714550047,0.26661642748644965,-0.19970896217882417,1.0
1.372338358591483,-2.6884081397218997,-1.2980582617014536,1.9537767628353806,3.0
1.6822401900797135,0.9935384365243576,-0.7107590200601026,0.7738054584366313,0.0
-0.48507908603922545,1.24952979448385,0.24458179652394607,0.37285769765063415,3.0
-0.09575123047501588,1.4177732722002419,0.625566391584524,-0.19344236953890248,1.0
0.37237823188031705,-0.19389249110289053,0.96447850517945,-1.4217164413470391,1.0
2.9363680936883476,2.35880435329381,1.0209524931228202,0.2763232067121235,2.0
-1.9571327484169316,2.3095683123491924,-0.6797562978831639,-0.37792924419768426,3.0
1.1498677873139826,-0.4329427452233845,1.662422984775508,-0.2779556731295454,2.0
0.7956897927515358,1.792404690974674,-0.013421177036673226,1.1538850405486434,3.0
0.2406006784066993,0.5963039867633293,-2.0051961049047327,-0.752143792006255,3.0
-0.08054331097971512,-1.1919615870043203,-0.9779632560855706,1.3055714351629375,3.0
0.7219548421138483,0.7069447684847572,3.3365322877882124,-1.033140550582212,0.0
-1.1453312809084206,1.5342948741669826,-0.1212632915962657,0.0047793026637763525,1.0
-1.1721095278869362,0.6267553892132178,-0.2599593864094091,-0.0669119698294165,1.0
-0.5246724418096425,-0.3769176377326433,-2.22452926432777,3.6722765495122967,1.0
-2.3293692663995618,0.8926475987307654,0.7138037179595453,-1.2470034740138398,1.0
-0.8748578926761555,2.4946826225624594,-2.1413058658181576,-0.8998088412945885,1.0
-1.8787511135307917,0.6916779526740802,0.0410956022015162,-0.7122145426601656,1.0
1.6470980571046336,-1.736531345484014,2.168027972051906,-1.4176382311366211,0.0
1.9744040450652398,-2.3883386426136743,0.048884098570831425,2.5837854104410596,3.0
0.9495981295704167,-0.10405826143833552,3.289374140446964,-0.8842707754703922,0.0
-0.556922093418647,1.435297136208719,-0.46591760484919675,1.0420684491789014,3.0
-1.935006686019412,3.030346790582978,1.0803328045963176,0.18695806460621922,2.0
-0.29971627854424165,-1.200295884725515,-0.634515583937362,-0.5576312897684284,2.0
1.285923452032338,-1.5217875678980797,0.29341137631173464,-1.0601721573991656,0.0
0.47349812230459165,-2.1047600972160545,1.8222617801318441,2.203410910606578,2.0
-3.07593026257662,-1.8171461175175958,-2.2661866013222722,-0.9980552574139091,0.0
-2.3076110934390535,-1.0493556207290422,0.30455219659835464,-0.8316284293597247,0.0
0.6290956950289234,2.785572613305908,-1.4130752936867883,1.104741175703106,1.0
-0.6903097553206898,1.2675345418365311,-0.11158149538641071,-0.3688883968212435,3.0
1.0984025468799925,-1.1936352248665156,1.4784400497744643,-0.14716153692287315,0.0
2.8981858342288245,-2.5687750652569967,-2.875767605162367,0.5906584137395944,3.0
0.9902180991339053,3.1658425226809914,-2.53042261680843,2.9749635460336448,0.0
-4.158549849362618,-0.3682581328518104,1.8088315602503764,0.9660225312628288,3.0
-0.3198295171368588,0.9804302970017025,-1.0009372432958121,-0.2496536144967545,3.0
0.09450623654512769,-2.3164336014279163,1.5009555472540124,-0.12267837240444757,2.0
0.6443920817746568,-0.8323170520037295,1.762411880526818,0.103508411006209,2.0
1.6849768981264721,0.817533237319869,-0.40642172512905406,0.6249231926283207,0.0
-1.4464063409402583,-1.4958546820373777,-2.3842294333286063,0.7500592229784223,3.0
-0.6317344657786506,1.1618739816835704,0.45487871149788817,0.2799669055192312,3.0
3.136287058445086,-1.9290447479318389,-2.806123543213724,0.13207047297205132,3.0
-1.2026570079104126,1.3266036678722117,1.4315889059727729,0.15280132832113535,1.0
2.124644198065722,-2.3294454528134003,1.817804001016945,-2.380811112772803,0.0
0.9542365431967899,-0.7299090103747059,0.9049745685278185,-1.1280585745028822,0.0
-1.6486231210047078,3.5941365039180853,0.7796379497877237,-0.1505065910347414,2.0
2.634676984635062,-1.6574908186922042,-0.9200674911715431,1.3019873775651132,3.0
0.4187811052566467,2.5759843711408834,1.4001885919901782,0.2957323715343191,2.0
-1.0949333794005371,-0.743536872876724,-0.21280034557851424,2.5745136647586158,3.0
1.085547298721025,-1.2422758916576075,-0.7247276461779855,1.3546116509673032,3.0
-0.043643369989413094,1.4104842573050171,0.2873727624485708,0.6784314017660633,3.0
-2.3805429967758727,1.4665411013927838,0.04448163693959861,-0.1829123879552388,2.0
-0.20607686988623097,-1.8777273235002612,-1.5520937052370052,1.4170048592302784,3.0
0.14111615796629162,0.9192513167249542,0.7971223452333237,-0.10999713137350786,1.0
0.838492425273777,-1.0226226073671492,2.442940889848152,-0.08534940009469516,0.0
0.2093678509376634,0.5767437380213618,-0.784382371817733,0.6477552880437765,0.0
-0.42132663841683426,1.3104993670599652,-0.8570608992146167,-1.3432773729739993,1.0
0.5230510499441257,0.663912521590275,1.2839689527770675,1.5960428589982572,2.0
1.3056077200007195,-0.7169392498052334,-0.6800582833474305,1.5611307895642168,0.0
-1.162201941628465,-0.37460392130479725,0.7995745350234518,1.5040562014333867,2.0
1.3047185321025419,-1.7872050852273151,0.3325572783608619,2.4498995440786553,3.0
-0.6194987673751517,2.953749366273491,-1.726933530820893,-0.3903793939204898,3.0
-0.1104274796923369,2.776828626936389,-1.0720969643097698,-0.026553849133627683,3.0
1.1430822578683275,-1.7502705474332854,-3.701646431463255,-0.3223879680382642,3.0
2.110482552797558,0.139499682959504,-0.7231185831313658,1.7218971279595623,0.0
0.9221831035464594,-3.4844090938063323,1.146997306071167,0.28340185092798964,2.0
-1.2439786227642609,-0.5367623101497946,0.2601763198270469,-0.3483861474315517,2.0
0.2385276902258291,2.058991883677427,-0.9417558284937801,0.4303587722512576,1.0
0.9497067740173056,1.7147258995346188,1.1591762790534785,0.15598419572209887,1.0
-2.012171541721962,0.358602829283007,-0.1763018097397614,1.2517175035722947,1.0
2.107051358116614,-0.6105824866468001,1.0710969422356569,-1.2554646445577098,0.0
-0.5083285147267889,1.6157593223429851,1.1812081818951303,-0.09533067245403126,2.0
1.6188734012925476,-1.2449701634249644,-1.325561852023922,0.8840511541191209,3.0
0.4520442292474385,1.6432425967313335,0.5827194484542673,0.8414369380541116,2.0
-0.094628509417507,-0.9949447946131598,-0.4575589513707077,-1.946772005452556,2.0
1.3362547364815351,-0.8932668963732557,-0.5394399419001537,1.1939950954555232,3.0
0.08442630004427931,-0.9703153583116061,0.3279467948881827,0.9108920184238603,2.0
0.4212938186827546,1.1288594221512473,1.4814106347965401,-0.6090343931066369,1.0
1.4039447366449815,-2.014369757478121,0.7235163210683555,-0.7636944303361071,0.0
3.7932268287536695,-1.1466798473728539,-0.3168606458570966,3.3151842167892362,2.0
0.3515092030140474,-1.684213731600177,1.311933809480453,1.6294446119676147,2.0
-0.2953085659066136,-1.7675114497954696,-0.7159804605621929,3.4584606680715777,3.0
1.009374687226782,1.1714330948458311,1.728942082077467,-0.5980173389582494,1.0
1.075281039255262,-2.014282225547307,-0.6676049720737014,-0.5340018331490592,0.0
-1.0920469308357805,1.926148263996432,1.8850874062768772,-1.3415616830185877,1.0
0.8585957814392777,1.6728018042025616,-1.6252943030525842,1.3615254564427859,0.0
0.021076274726276933,0.8558141294542773,-0.9340957762280129,-2.477552005593008,1.0
-1.1485780114535553,2.2936631914459307,-1.526446614811741,-0.14381949944713912,3.0
-0.0010159038569956813,1.1084370190668766,1.1564753117966953,-0.7281965115951576,2.0
1.218789767781395,-3.4813379652708147,0.47341939565581415,-1.2390700177817466,2.0
-1.2563578577957748,0.8226880985445822,-0.9578478371111291,-0.7226141375773776,1.0
1.7063989202767165,1.0760368525524104,2.8825583259981284,-0.7034181845425538,1.0
1.2537404121759526,-1.0734337580555624,-0.3838939746804574,1.4473513995444467,3.0
-1.9947690925176589,-0.687434796108795,3.2840619727167866,4.6955619922491945,2.0
-1.3455354413767884,0.43705186889624303,-0.7014370420451068,-0.8284601353154262,1.0
-1.3256544132338635,2.388274742648189,-2.020124596107058,-1.1203573696961153,3.0
1.8998710854654957,-1.2179159103997914,0.4916121489639733,2.101477150438322,2.0
1.4278954658466523,0.5745467773148485,1.4128330959461226,-0.3389478592321713,1.0
0.7032046974988637,-0.9833219524604883,2.25238496418343,0.13520525212395396,2.0
-1.8850798668499587,-2.102313028788318,1.9980246134206263,1.001895749166096,2.0
0.8801487468078941,-0.7713414542407961,0.6634160102724633,-1.8218818790389393,0.0
-0.5647130525919766,1.261174928848886,0.2753150595239793,0.790202023265834,3.0
2.0796742063976708,-0.21676676543691098,4.4633823909505805,-2.4051604073522954,1.0
0.9813492477569191,-1.1250387826749857,1.6477033221193471,0.8208081866795137,2.0
-0.2802636546981392,1.2498766247948476,-1.6854915826557035,-3.3434314218920873,1.0
1.6614960642877672,-2.1795062117836665,-1.6573839491000777,1.3432040275036048,3.0
